"";"setor_criativo";"mes";"ano";"total_adm";"total_dem";"var_abs";"ano_calculo";"qntd_total_clt_dez_ano_anterior";"estoque_inicial";"estoque_final";"var_relativo";"ind_emprego";"min_adm_dem";"taxa_rotatividade";"e0_taxa_rotatividade";"resultados_taxa_rotatividade";"mes_ano"
"1";"Setor criativo";12;2024;2805;-2920;-115;2024;56854;56969;56854;-0,201864171742527;99,7981358282575;2805;4,9237304498938;4,9237304498938;1;2024-12-01
"2";"Setor criativo";11;2024;3226;-3138;88;2024;56854;56881;56969;0,1547089537807;100,154708953781;3138;5,51678064731633;4,9237304498938;1,12;2024-11-01
"3";"Setor criativo";10;2024;3690;-3305;385;2024;56854;56496;56881;0,681464174454829;100,681464174455;3305;5,84997167941093;4,9237304498938;1,188;2024-10-01
"4";"Setor criativo";9;2024;3523;-3091;432;2024;56854;56064;56496;0,770547945205479;100,770547945205;3091;5,51334189497717;4,9237304498938;1,12;2024-09-01
"5";"Setor criativo";8;2024;3857;-3275;582;2024;56854;55482;56064;1,0489888612523;101,048988861252;3275;5,9028153274936;4,9237304498938;1,199;2024-08-01
"6";"Setor criativo";7;2024;4032;-3648;384;2024;56854;55098;55482;0,696939997822063;100,696939997822;3648;6,62092997930959;4,9237304498938;1,345;2024-07-01
"7";"Setor criativo";6;2024;3764;-3114;650;2024;56854;54448;55098;1,1937995885983;101,193799588598;3114;5,71921833676168;4,9237304498938;1,162;2024-06-01
"8";"Setor criativo";5;2024;3301;-3305;-4;2024;56854;54452;54448;-0,00734591934180563;99,9926540806582;3301;6,06221993682509;4,9237304498938;1,231;2024-05-01
"9";"Setor criativo";4;2024;3741;-3308;433;2024;56854;54019;54452;0,80156981802699;100,801569818027;3308;6,12377126566579;4,9237304498938;1,244;2024-04-01
"10";"Setor criativo";3;2024;3758;-3621;137;2024;56854;53882;54019;0,254259307375376;100,254259307375;3621;6,72024052559296;4,9237304498938;1,365;2024-03-01
"11";"Setor criativo";2;2024;3569;-3181;388;2024;56854;53494;53882;0,725314988596852;100,725314988597;3181;5,9464612853778;4,9237304498938;1,208;2024-02-01
"12";"Setor criativo";1;2024;3242;-3323;-81;2024;56854;53575;53494;-0,151189920671955;99,848810079328;3242;6,05132991133924;4,9237304498938;1,229;2024-01-01
"13";"Setor criativo";12;2023;2733;-2811;-78;2024;56854;53653;53575;-0,145378636795706;99,8546213632043;2733;5,09384377388031;4,9237304498938;1,035;2023-12-01
"14";"Setor criativo";11;2023;3001;-2904;97;2024;56854;53556;53653;0,181118828889387;100,181118828889;2904;5,42236164015236;4,9237304498938;1,101;2023-11-01
"15";"Setor criativo";10;2023;3310;-3069;241;2024;56854;53315;53556;0,452030385444997;100,452030385445;3069;5,75635374660039;4,9237304498938;1,169;2023-10-01
"16";"Setor criativo";9;2023;2985;-2760;225;2024;56854;53090;53315;0,423808626860049;100,42380862686;2760;5,19871915614993;4,9237304498938;1,056;2023-09-01
"17";"Setor criativo";8;2023;3133;-2955;178;2024;56854;52912;53090;0,336407620199577;100,3364076202;2955;5,58474448140308;4,9237304498938;1,134;2023-08-01
"18";"Setor criativo";7;2023;2779;-2712;67;2024;56854;52845;52912;0,126785883243448;100,126785883243;2712;5,13198978143628;4,9237304498938;1,042;2023-07-01
"19";"Setor criativo";6;2023;3117;-2834;283;2024;56854;52562;52845;0,538411780373654;100,538411780374;2834;5,39172786423652;4,9237304498938;1,095;2023-06-01
"20";"Setor criativo";5;2023;3201;-3390;-189;2024;56854;52751;52562;-0,358287046691058;99,641712953309;3201;6,06813140983109;4,9237304498938;1,232;2023-05-01
"21";"Setor criativo";4;2023;2872;-2713;159;2024;56854;52592;52751;0,302327350167326;100,302327350167;2713;5,1585792515972;4,9237304498938;1,048;2023-04-01
"22";"Setor criativo";3;2023;3339;-3244;95;2024;56854;52497;52592;0,180962721679334;100,180962721679;3244;6,17940072766063;4,9237304498938;1,255;2023-03-01
"23";"Setor criativo";2;2023;3067;-2767;300;2024;56854;52197;52497;0,574745675038795;100,574745675039;2767;5,30107094277449;4,9237304498938;1,077;2023-02-01
"24";"Setor criativo";1;2023;2952;-2968;-16;2024;56854;52213;52197;-0,0306437094210254;99,969356290579;2952;5,65376438817919;4,9237304498938;1,148;2023-01-01
"25";"Setor criativo";12;2022;2537;-2574;-37;2024;56854;52250;52213;-0,0708133971291866;99,9291866028708;2537;4,8555023923445;4,9237304498938;0,986;2022-12-01
"26";"Setor criativo";11;2022;3071;-2482;589;2024;56854;51661;52250;1,14012504597278;101,140125045973;2482;4,80439790170535;4,9237304498938;0,976;2022-11-01
"27";"Setor criativo";10;2022;3100;-2809;291;2024;56854;51370;51661;0,566478489390695;100,566478489391;2809;5,46817208487444;4,9237304498938;1,111;2022-10-01
"28";"Setor criativo";9;2022;3058;-2531;527;2024;56854;50843;51370;1,03652420195504;101,036524201955;2531;4,97806974411423;4,9237304498938;1,011;2022-09-01
"29";"Setor criativo";8;2022;3517;-2959;558;2024;56854;50285;50843;1,10967485333599;101,109674853336;2959;5,88445858605946;4,9237304498938;1,195;2022-08-01
"30";"Setor criativo";7;2022;2847;-2721;126;2024;56854;50159;50285;0,251201180246815;100,251201180247;2721;5,42474929723479;4,9237304498938;1,102;2022-07-01
"31";"Setor criativo";6;2022;2940;-2461;479;2024;56854;49680;50159;0,964170692431562;100,964170692432;2461;4,9537037037037;4,9237304498938;1,006;2022-06-01
"32";"Setor criativo";5;2022;3768;-2569;1199;2024;56854;48481;49680;2,47313380499577;102,473133804996;2569;5,2989831067841;4,9237304498938;1,076;2022-05-01
"33";"Setor criativo";4;2022;2816;-2563;253;2024;56854;48228;48481;0,524591523596251;100,524591523596;2563;5,31434021730115;4,9237304498938;1,079;2022-04-01
"34";"Setor criativo";3;2022;2952;-2661;291;2024;56854;47937;48228;0,607046748857876;100,607046748858;2661;5,5510357344014;4,9237304498938;1,127;2022-03-01
"35";"Setor criativo";2;2022;3158;-2548;610;2024;56854;47327;47937;1,28890485346631;101,288904853466;2548;5,38381896169206;4,9237304498938;1,093;2022-02-01
"36";"Setor criativo";1;2022;2716;-2628;88;2024;56854;47239;47327;0,18628675458837;100,186286754588;2628;5,56319989838904;4,9237304498938;1,13;2022-01-01
"37";"Setor criativo";12;2021;2728;-2106;622;2024;56854;46617;47239;1,33427719501469;101,334277195015;2106;4,51766522942274;4,9237304498938;0,918;2021-12-01
"38";"Setor criativo";11;2021;2865;-2181;684;2024;56854;45933;46617;1,48912546535171;101,489125465352;2181;4,74822023381882;4,9237304498938;0,964;2021-11-01
"39";"Setor criativo";10;2021;2896;-2325;571;2024;56854;45362;45933;1,25876284114457;101,258762841145;2325;5,12543538644681;4,9237304498938;1,041;2021-10-01
"40";"Setor criativo";9;2021;2760;-2061;699;2024;56854;44663;45362;1,56505384770392;101,565053847704;2061;4,61455791147034;4,9237304498938;0,937;2021-09-01
"41";"Setor criativo";8;2021;2723;-2003;720;2024;56854;43943;44663;1,63848622078602;101,638486220786;2003;4,55817763921444;4,9237304498938;0,926;2021-08-01
"42";"Setor criativo";7;2021;2476;-1763;713;2024;56854;43230;43943;1,64931760351608;101,649317603516;1763;4,07818644459866;4,9237304498938;0,828;2021-07-01
"43";"Setor criativo";6;2021;2249;-1666;583;2024;56854;42647;43230;1,36703636832603;101,367036368326;1666;3,9064881468802;4,9237304498938;0,793;2021-06-01
"44";"Setor criativo";5;2021;1638;-1747;-109;2024;56854;42756;42647;-0,254934979885864;99,7450650201141;1638;3,83104125736739;4,9237304498938;0,778;2021-05-01
"45";"Setor criativo";4;2021;1503;-2223;-720;2024;56854;43476;42756;-1,65608611647806;98,3439138835219;1503;3,45707976814794;4,9237304498938;0,702;2021-04-01
"46";"Setor criativo";3;2021;2130;-2467;-337;2024;56854;43813;43476;-0,769178097824847;99,2308219021752;2130;4,86157076666743;4,9237304498938;0,987;2021-03-01
"47";"Setor criativo";2;2021;2486;-1878;608;2024;56854;43205;43813;1,40724453188288;101,407244531883;1878;4,34671912973036;4,9237304498938;0,883;2021-02-01
"48";"Setor criativo";1;2021;1968;-1870;98;2024;56854;43107;43205;0,227341267079593;100,22734126708;1870;4,33804254529427;4,9237304498938;0,881;2021-01-01
"49";"Setor criativo";12;2020;1861;-1508;353;2024;56854;42754;43107;0,825653740000935;100,825653740001;1508;3,52715535388502;4,9237304498938;0,716;2020-12-01
"50";"Setor criativo";11;2020;2108;-1576;532;2024;56854;42222;42754;1,26000663161385;101,260006631614;1576;3,73265122448013;4,9237304498938;0,758;2020-11-01
"51";"Setor criativo";10;2020;2338;-1506;832;2024;56854;41390;42222;2,01014737859386;102,010147378594;1506;3,63856003865668;4,9237304498938;0,739;2020-10-01
"52";"Setor criativo";9;2020;1771;-1342;429;2024;56854;40961;41390;1,04733771148165;101,047337711482;1342;3,27628720001953;4,9237304498938;0,665;2020-09-01
"53";"Setor criativo";8;2020;1193;-1222;-29;2024;56854;40990;40961;-0,0707489631617468;99,9292510368383;1193;2,9104659673091;4,9237304498938;0,591;2020-08-01
"54";"Setor criativo";7;2020;927;-1182;-255;2024;56854;41245;40990;-0,618256758394957;99,3817432416051;927;2,24754515698873;4,9237304498938;0,456;2020-07-01
"55";"Setor criativo";6;2020;631;-1440;-809;2024;56854;42054;41245;-1,92371712560042;98,0762828743996;631;1,50045180006658;4,9237304498938;0,305;2020-06-01
"56";"Setor criativo";5;2020;631;-1887;-1256;2024;56854;43310;42054;-2,90002308935581;97,0999769106442;631;1,45693835142;4,9237304498938;0,296;2020-05-01
"57";"Setor criativo";4;2020;467;-3017;-2550;2024;56854;45860;43310;-5,56040122110772;94,4395987788923;467;1,01831661578718;4,9237304498938;0,207;2020-04-01
"58";"Setor criativo";3;2020;1779;-3338;-1559;2024;56854;47419;45860;-3,28771167675404;96,712288323246;1779;3,75166072671292;4,9237304498938;0,762;2020-03-01
"59";"Setor criativo";2;2020;2667;-2175;492;2024;56854;46927;47419;1,04843693396126;101,048436933961;2175;4,63485839708483;4,9237304498938;0,941;2020-02-01
"60";"Setor criativo";1;2020;2288;-2612;-324;2024;56854;47251;46927;-0,685699773549766;99,3143002264502;2288;4,84222556136378;4,9237304498938;0,983;2020-01-01
"61";"Setor criativo";12;2019;2132;-1893;239;2024;56854;47012;47251;0,50838083893474;100,508380838935;1893;4,02663149834085;4,9237304498938;0,818;2019-12-01
"62";"Setor criativo";11;2019;2265;-1938;327;2024;56854;46685;47012;0,700439113205526;100,700439113206;1938;4,15122630395202;4,9237304498938;0,843;2019-11-01
"63";"Setor criativo";10;2019;2272;-2402;-130;2024;56854;46815;46685;-0,277688774965289;99,7223112250347;2272;4,85314535939336;4,9237304498938;0,986;2019-10-01
"64";"Setor criativo";9;2019;2273;-2071;202;2024;56854;46613;46815;0,43335550168408;100,433355501684;2071;4,4429665543947;4,9237304498938;0,902;2019-09-01
"65";"Setor criativo";8;2019;2327;-2110;217;2024;56854;46396;46613;0,467712733856367;100,467712733856;2110;4,54780584533149;4,9237304498938;0,924;2019-08-01
"66";"Setor criativo";7;2019;2163;-2147;16;2024;56854;46380;46396;0,0344976282880552;100,034497628288;2147;4,62915049590341;4,9237304498938;0,94;2019-07-01
"67";"Setor criativo";6;2019;1951;-1871;80;2024;56854;46300;46380;0,172786177105832;100,172786177106;1871;4,04103671706264;4,9237304498938;0,821;2019-06-01
"68";"Setor criativo";5;2019;2066;-2290;-224;2024;56854;46524;46300;-0,481471928467028;99,518528071533;2066;4,4407187688075;4,9237304498938;0,902;2019-05-01
"69";"Setor criativo";4;2019;2151;-2067;84;2024;56854;46440;46524;0,180878552971576;100,180878552972;2067;4,45090439276486;4,9237304498938;0,904;2019-04-01
"70";"Setor criativo";3;2019;1962;-2235;-273;2024;56854;46713;46440;-0,584419754672147;99,4155802453278;1962;4,20011559951191;4,9237304498938;0,853;2019-03-01
"71";"Setor criativo";2;2019;2788;-2182;606;2024;56854;46107;46713;1,3143340490598;101,31433404906;2182;4,73247012384237;4,9237304498938;0,961;2019-02-01
"72";"Setor criativo";1;2019;2608;-2241;367;2024;56854;45740;46107;0,80236117184084;100,802361171841;2241;4,89943156974202;4,9237304498938;0,995;2019-01-01
"73";"Setor criativo";12;2018;1807;-1672;135;2024;56854;45605;45740;0,29602017322662;100,296020173227;1672;3,66626466396228;4,9237304498938;0,745;2018-12-01
"74";"Setor criativo";11;2018;1960;-1874;86;2024;56854;45519;45605;0,188932094290296;100,18893209429;1874;4,1169621476746;4,9237304498938;0,836;2018-11-01
"75";"Setor criativo";10;2018;1940;-1848;92;2024;56854;45427;45519;0,202522728773637;100,202522728774;1848;4,06806524754001;4,9237304498938;0,826;2018-10-01
"76";"Setor criativo";9;2018;1931;-1642;289;2024;56854;45138;45427;0,640258762018698;100,640258762019;1642;3,6377331738225;4,9237304498938;0,739;2018-09-01
"77";"Setor criativo";8;2018;1983;-1905;78;2024;56854;45060;45138;0,173102529960053;100,17310252996;1905;4,22769640479361;4,9237304498938;0,859;2018-08-01
"78";"Setor criativo";7;2018;1821;-1773;48;2024;56854;45012;45060;0,106638229805385;100,106638229805;1773;3,93894961343642;4,9237304498938;0,8;2018-07-01
"79";"Setor criativo";6;2018;1743;-1859;-116;2024;56854;45128;45012;-0,257046622939195;99,7429533770608;1743;3,86234710157773;4,9237304498938;0,784;2018-06-01
"80";"Setor criativo";5;2018;1892;-1978;-86;2024;56854;45214;45128;-0,190206573185297;99,8097934268147;1892;4,18454461007653;4,9237304498938;0,85;2018-05-01
"81";"Setor criativo";4;2018;1991;-1766;225;2024;56854;44989;45214;0,50012225210607;100,500122252106;1766;3,92540398764142;4,9237304498938;0,797;2018-04-01
"82";"Setor criativo";3;2018;2069;-2019;50;2024;56854;44939;44989;0,111261932842297;100,111261932842;2019;4,49275684817197;4,9237304498938;0,912;2018-03-01
"83";"Setor criativo";2;2018;2151;-2067;84;2024;56854;44855;44939;0,187270092520343;100,18727009252;2067;4,60818191951845;4,9237304498938;0,936;2018-02-01
"84";"Setor criativo";1;2018;2403;-1984;419;2024;56854;44436;44855;0,942929156539743;100,94292915654;1984;4,46484832118102;4,9237304498938;0,907;2018-01-01
"85";"Setor criativo";12;2017;1610;-1443;167;2024;56854;44269;44436;0,377239151550747;100,377239151551;1443;3,25961733944747;4,9237304498938;0,662;2017-12-01
"86";"Setor criativo";11;2017;1535;-1580;-45;2024;56854;44314;44269;-0,101548043507695;99,8984519564923;1535;3,46391659520693;4,9237304498938;0,704;2017-11-01
"87";"Setor criativo";10;2017;1706;-1743;-37;2024;56854;44351;44314;-0,0834254019075105;99,9165745980925;1706;3,84658745011386;4,9237304498938;0,781;2017-10-01
"88";"Setor criativo";9;2017;1603;-1547;56;2024;56854;44295;44351;0,126425104413591;100,126425104414;1547;3,49249350942544;4,9237304498938;0,709;2017-09-01
"89";"Setor criativo";8;2017;1632;-1712;-80;2024;56854;44375;44295;-0,180281690140845;99,8197183098592;1632;3,67774647887324;4,9237304498938;0,747;2017-08-01
"90";"Setor criativo";7;2017;1477;-1614;-137;2024;56854;44512;44375;-0,307782171099928;99,6922178289001;1477;3,3182063263839;4,9237304498938;0,674;2017-07-01
"91";"Setor criativo";6;2017;1661;-1711;-50;2024;56854;44562;44512;-0,11220322247655;99,8877967775234;1661;3,72739105067097;4,9237304498938;0,757;2017-06-01
"92";"Setor criativo";5;2017;1615;-1733;-118;2024;56854;44680;44562;-0,264100268576544;99,7358997314235;1615;3,61459265890779;4,9237304498938;0,734;2017-05-01
"93";"Setor criativo";4;2017;1779;-1696;83;2024;56854;44597;44680;0,186111173397314;100,186111173397;1696;3,80294638652824;4,9237304498938;0,772;2017-04-01
"94";"Setor criativo";3;2017;1843;-2106;-263;2024;56854;44860;44597;-0,586268390548373;99,4137316094516;1843;4,10833704859563;4,9237304498938;0,834;2017-03-01
"95";"Setor criativo";2;2017;1617;-1701;-84;2024;56854;44944;44860;-0,18689925240299;99,813100747597;1617;3,59781060875757;4,9237304498938;0,731;2017-02-01
"96";"Setor criativo";1;2017;1975;-1909;66;2024;56854;44878;44944;0,147065377244975;100,147065377245;1909;4,25375462364633;4,9237304498938;0,864;2017-01-01
"97";"Setor criativo";12;2016;1359;-1392;-33;2024;56854;44911;44878;-0,073478657789851;99,9265213422102;1359;3,02598472534568;4,9237304498938;0,615;2016-12-01
"98";"Setor criativo";11;2016;1611;-1676;-65;2024;56854;44976;44911;-0,144521522589826;99,8554784774102;1611;3,58191035218783;4,9237304498938;0,727;2016-11-01
"99";"Setor criativo";10;2016;1385;-1641;-256;2024;56854;45232;44976;-0,565970993986558;99,4340290060134;1385;3,06199151043509;4,9237304498938;0,622;2016-10-01
"100";"Setor criativo";9;2016;1900;-1983;-83;2024;56854;45315;45232;-0,183162308286439;99,8168376917136;1900;4,19287211740042;4,9237304498938;0,852;2016-09-01
"101";"Setor criativo";8;2016;1607;-1957;-350;2024;56854;45665;45315;-0,766451330340523;99,2335486696595;1607;3,51910653673492;4,9237304498938;0,715;2016-08-01
"102";"Setor criativo";7;2016;1800;-1753;47;2024;56854;45618;45665;0,103029505896795;100,103029505897;1753;3,84278135823578;4,9237304498938;0,78;2016-07-01
"103";"Setor criativo";6;2016;1680;-1674;6;2024;56854;45612;45618;0,0131544330439358;100,013154433044;1674;3,67008681925809;4,9237304498938;0,745;2016-06-01
"104";"Setor criativo";5;2016;1686;-1789;-103;2024;56854;45715;45612;-0,225308979547195;99,7746910204528;1686;3,68806737394728;4,9237304498938;0,749;2016-05-01
"105";"Setor criativo";4;2016;1811;-1951;-140;2024;56854;45855;45715;-0,305310216988333;99,6946897830117;1811;3,9494057354705;4,9237304498938;0,802;2016-04-01
"106";"Setor criativo";3;2016;2054;-2405;-351;2024;56854;46206;45855;-0,759641604986365;99,2403583950136;2054;4,44531013288318;4,9237304498938;0,903;2016-03-01
"107";"Setor criativo";2;2016;1968;-2131;-163;2024;56854;46369;46206;-0,351527960490845;99,6484720395091;1968;4,24421488494468;4,9237304498938;0,862;2016-02-01
"108";"Setor criativo";1;2016;1985;-1946;39;2024;56854;46330;46369;0,0841787178933736;100,084178717893;1946;4,20030218001295;4,9237304498938;0,853;2016-01-01
"109";"Setor criativo";12;2015;1648;-1833;-185;2024;56854;46515;46330;-0,397721165215522;99,6022788347845;1648;3,5429431366226;4,9237304498938;0,72;2015-12-01
"110";"Setor criativo";11;2015;1748;-1653;95;2024;56854;46420;46515;0,204653166738475;100,204653166738;1653;3,56096510124946;4,9237304498938;0,723;2015-11-01
"111";"Setor criativo";10;2015;1747;-2207;-460;2024;56854;46880;46420;-0,98122866894198;99,018771331058;1747;3,72653583617747;4,9237304498938;0,757;2015-10-01
"112";"Setor criativo";9;2015;1788;-2985;-1197;2024;56854;48077;46880;-2,48975601639037;97,5102439836096;1788;3,71903404954552;4,9237304498938;0,755;2015-09-01
"113";"Setor criativo";8;2015;1984;-2197;-213;2024;56854;48290;48077;-0,441085110788983;99,558914889211;1984;4,10851107889832;4,9237304498938;0,834;2015-08-01
"114";"Setor criativo";7;2015;3123;-2356;767;2024;56854;47523;48290;1,61395534793679;101,613955347937;2356;4,95759947814742;4,9237304498938;1,007;2015-07-01
"115";"Setor criativo";6;2015;1967;-2076;-109;2024;56854;47632;47523;-0,228837756130333;99,7711622438697;1967;4,12957675512261;4,9237304498938;0,839;2015-06-01
"116";"Setor criativo";5;2015;1990;-2297;-307;2024;56854;47939;47632;-0,640397171405328;99,3596028285947;1990;4,1511087006404;4,9237304498938;0,843;2015-05-01
"117";"Setor criativo";4;2015;2095;-2543;-448;2024;56854;48387;47939;-0,925868518403703;99,0741314815963;2095;4,32967532601732;4,9237304498938;0,879;2015-04-01
"118";"Setor criativo";3;2015;2380;-2873;-493;2024;56854;48880;48387;-1,00859247135843;98,9914075286416;2380;4,86906710310966;4,9237304498938;0,989;2015-03-01
"119";"Setor criativo";2;2015;2282;-2498;-216;2024;56854;49096;48880;-0,439954375101841;99,5600456248982;2282;4,64803649991853;4,9237304498938;0,944;2015-02-01
"120";"Setor criativo";1;2015;2777;-2715;62;2024;56854;49034;49096;0,126442876371497;100,126442876371;2715;5,5369743443325;4,9237304498938;1,125;2015-01-01
"121";"Setor criativo";12;2014;2064;-1870;194;2024;56854;48840;49034;0,397215397215397;100,397215397215;1870;3,82882882882883;4,9237304498938;0,778;2014-12-01
"122";"Setor criativo";11;2014;2473;-2326;147;2024;56854;48693;48840;0,301891442301768;100,301891442302;2326;4,77686731152322;4,9237304498938;0,97;2014-11-01
"123";"Setor criativo";10;2014;2720;-2614;106;2024;56854;48587;48693;0,218165352872167;100,218165352872;2614;5,3800399283759;4,9237304498938;1,093;2014-10-01
"124";"Setor criativo";9;2014;2609;-2703;-94;2024;56854;48681;48587;-0,193093814835357;99,8069061851646;2609;5,35938045644091;4,9237304498938;1,088;2014-09-01
"125";"Setor criativo";8;2014;2761;-2422;339;2024;56854;48342;48681;0,70125356832568;100,701253568326;2422;5,01013611352447;4,9237304498938;1,018;2014-08-01
"126";"Setor criativo";7;2014;2442;-2609;-167;2024;56854;48509;48342;-0,344266012492527;99,6557339875075;2442;5,03411738027995;4,9237304498938;1,022;2014-07-01
"127";"Setor criativo";6;2014;2365;-2267;98;2024;56854;48411;48509;0,202433331267687;100,202433331268;2267;4,68282002024333;4,9237304498938;0,951;2014-06-01
"128";"Setor criativo";5;2014;2535;-2784;-249;2024;56854;48660;48411;-0,511713933415536;99,4882860665845;2535;5,20961775585697;4,9237304498938;1,058;2014-05-01
"129";"Setor criativo";4;2014;2654;-2451;203;2024;56854;48457;48660;0,418928121839982;100,41892812184;2451;5,0580927420187;4,9237304498938;1,027;2014-04-01
"130";"Setor criativo";3;2014;2390;-3073;-683;2024;56854;49140;48457;-1,38990638990639;98,6100936100936;2390;4,86365486365486;4,9237304498938;0,988;2014-03-01
"131";"Setor criativo";2;2014;3005;-2897;108;2024;56854;49032;49140;0,220264317180617;100,220264317181;2897;5,90838635992821;4,9237304498938;1,2;2014-02-01
"132";"Setor criativo";1;2014;2675;-2872;-197;2024;56854;49229;49032;-0,400170631132056;99,5998293688679;2675;5,43378902679315;4,9237304498938;1,104;2014-01-01
"133";"Setor criativo";12;2013;1733;-1517;216;2024;56854;49013;49229;0,440699406279967;100,44069940628;1517;3,09509721910514;4,9237304498938;0,629;2013-12-01
"134";"Setor criativo";11;2013;2594;-2159;435;2024;56854;48578;49013;0,895467083865124;100,895467083865;2159;4,44439869899955;4,9237304498938;0,903;2013-11-01
"135";"Setor criativo";10;2013;2843;-2555;288;2024;56854;48290;48578;0,596396769517498;100,596396769517;2555;5,29095050735142;4,9237304498938;1,075;2013-10-01
"136";"Setor criativo";9;2013;2355;-2095;260;2024;56854;48030;48290;0,541328336456381;100,541328336456;2095;4,36185717260046;4,9237304498938;0,886;2013-09-01
"137";"Setor criativo";8;2013;2464;-2269;195;2024;56854;47835;48030;0,407651301348385;100,407651301348;2269;4,74338873209993;4,9237304498938;0,963;2013-08-01
"138";"Setor criativo";7;2013;2433;-2431;2;2024;56854;47833;47835;0,00418121380636799;100,004181213806;2431;5,08226538164029;4,9237304498938;1,032;2013-07-01
"139";"Setor criativo";6;2013;2428;-2258;170;2024;56854;47663;47833;0,356670792858192;100,356670792858;2258;4,73742735455175;4,9237304498938;0,962;2013-06-01
"140";"Setor criativo";5;2013;2538;-2406;132;2024;56854;47531;47663;0,277713492247165;100,277713492247;2406;5,06195956323242;4,9237304498938;1,028;2013-05-01
"141";"Setor criativo";4;2013;2462;-2425;37;2024;56854;47494;47531;0,0779045774203057;100,07790457742;2425;5,10590811470923;4,9237304498938;1,037;2013-04-01
"142";"Setor criativo";3;2013;2324;-2385;-61;2024;56854;47555;47494;-0,128272526548207;99,8717274734518;2324;4,88697297865629;4,9237304498938;0,993;2013-03-01
"143";"Setor criativo";2;2013;2311;-2454;-143;2024;56854;47698;47555;-0,299802926747453;99,7001970732526;2311;4,84506687911443;4,9237304498938;0,984;2013-02-01
"144";"Setor criativo";1;2013;2631;-2710;-79;2024;56854;47777;47698;-0,165351528978379;99,8346484710216;2631;5,50683383217866;4,9237304498938;1,118;2013-01-01
"145";"Setor criativo";12;2012;1897;-1646;251;2024;56854;47526;47777;0,528131969869124;100,528131969869;1646;3,46336741993856;4,9237304498938;0,703;2012-12-01
"146";"Setor criativo";11;2012;2189;-2257;-68;2024;56854;47594;47526;-0,142875152330126;99,8571248476699;2189;4,59931924192125;4,9237304498938;0,934;2012-11-01
"147";"Setor criativo";10;2012;2336;-2320;16;2024;56854;47578;47594;0,0336289881878179;100,033628988188;2320;4,8762032872336;4,9237304498938;0,99;2012-10-01
"148";"Setor criativo";9;2012;2209;-2093;116;2024;56854;47462;47578;0,244406051156715;100,244406051157;2093;4,40984366440521;4,9237304498938;0,896;2012-09-01
"149";"Setor criativo";8;2012;2380;-2381;-1;2024;56854;47463;47462;-0,00210690432547458;99,9978930956745;2380;5,0144322946295;4,9237304498938;1,018;2012-08-01
"150";"Setor criativo";7;2012;2341;-2281;60;2024;56854;47403;47463;0,126574267451427;100,126574267451;2281;4,81193173427842;4,9237304498938;0,977;2012-07-01
"151";"Setor criativo";6;2012;2104;-2203;-99;2024;56854;47502;47403;-0,208412277377795;99,7915877226222;2104;4,42928718790788;4,9237304498938;0,9;2012-06-01
"152";"Setor criativo";5;2012;2133;-2226;-93;2024;56854;47595;47502;-0,195398676331547;99,8046013236685;2133;4,48156318941065;4,9237304498938;0,91;2012-05-01
"153";"Setor criativo";4;2012;2120;-2150;-30;2024;56854;47625;47595;-0,062992125984252;99,9370078740157;2120;4,45144356955381;4,9237304498938;0,904;2012-04-01
"154";"Setor criativo";3;2012;2294;-2549;-255;2024;56854;47880;47625;-0,532581453634085;99,4674185463659;2294;4,79114452798663;4,9237304498938;0,973;2012-03-01
"155";"Setor criativo";2;2012;2198;-2313;-115;2024;56854;47995;47880;-0,239608292530472;99,7603917074695;2198;4,57964371288676;4,9237304498938;0,93;2012-02-01
"156";"Setor criativo";1;2012;2564;-2410;154;2024;56854;47841;47995;0,321899625843941;100,321899625844;2410;5,03752011872662;4,9237304498938;1,023;2012-01-01
"157";"Setor criativo";12;2011;1962;-1722;240;2024;56854;47601;47841;0,504191088422512;100,504191088423;1722;3,61757105943152;4,9237304498938;0,735;2011-12-01
"158";"Setor criativo";11;2011;2296;-1870;426;2024;56854;47175;47601;0,90302066772655;100,903020667727;1870;3,96396396396396;4,9237304498938;0,805;2011-11-01
"159";"Setor criativo";10;2011;2104;-1897;207;2024;56854;46968;47175;0,440725600408789;100,440725600409;1897;4,03892011582354;4,9237304498938;0,82;2011-10-01
"160";"Setor criativo";9;2011;2146;-1928;218;2024;56854;46750;46968;0,466310160427807;100,466310160428;1928;4,12406417112299;4,9237304498938;0,838;2011-09-01
"161";"Setor criativo";8;2011;2271;-2034;237;2024;56854;46513;46750;0,509534968718423;100,509534968718;2034;4,37297099735558;4,9237304498938;0,888;2011-08-01
"162";"Setor criativo";7;2011;2207;-2041;166;2024;56854;46347;46513;0,35816773469696;100,358167734697;2041;4,4037370272078;4,9237304498938;0,894;2011-07-01
"163";"Setor criativo";6;2011;1951;-2081;-130;2024;56854;46477;46347;-0,279708242786755;99,7202917572132;1951;4,19777524366891;4,9237304498938;0,853;2011-06-01
"164";"Setor criativo";5;2011;2146;-2055;91;2024;56854;46386;46477;0,196179881860906;100,196179881861;2055;4,43021601345233;4,9237304498938;0,9;2011-05-01
"165";"Setor criativo";4;2011;2093;-1937;156;2024;56854;46230;46386;0,337443218689163;100,337443218689;1937;4,18991996539044;4,9237304498938;0,851;2011-04-01
"166";"Setor criativo";3;2011;1958;-2741;-783;2024;56854;47013;46230;-1,66549677748708;98,3345032225129;1958;4,1648054793355;4,9237304498938;0,846;2011-03-01
"167";"Setor criativo";2;2011;2208;-2117;91;2024;56854;46922;47013;0,193938877285708;100,193938877286;2117;4,51174289245983;4,9237304498938;0,916;2011-02-01
"168";"Setor criativo";1;2011;2268;-2632;-364;2024;56854;47286;46922;-0,769783868375418;99,2302161316246;2268;4,79634564141606;4,9237304498938;0,974;2011-01-01
"169";"Setor criativo";12;2010;1963;-1453;510;2024;56854;46776;47286;1,09030271934325;101,090302719343;1453;3,10629382589362;4,9237304498938;0,631;2010-12-01
"170";"Setor criativo";11;2010;2013;-1726;287;2024;56854;46489;46776;0,617350340940868;100,617350340941;1726;3,71270623158166;4,9237304498938;0,754;2010-11-01
"171";"Setor criativo";10;2010;1999;-1945;54;2024;56854;46435;46489;0,116291590395176;100,116291590395;1945;4,18865080219662;4,9237304498938;0,851;2010-10-01
"172";"Setor criativo";9;2010;1948;-1780;168;2024;56854;46267;46435;0,363109775866168;100,363109775866;1780;3,84723453001059;4,9237304498938;0,781;2010-09-01
"173";"Setor criativo";8;2010;2189;-1800;389;2024;56854;45878;46267;0,847900954705959;100,847900954706;1800;3,92344914773966;4,9237304498938;0,797;2010-08-01
"174";"Setor criativo";7;2010;1878;-1850;28;2024;56854;45850;45878;0,0610687022900763;100,06106870229;1850;4,03489640130862;4,9237304498938;0,819;2010-07-01
"175";"Setor criativo";6;2010;2089;-1739;350;2024;56854;45500;45850;0,769230769230769;100,769230769231;1739;3,82197802197802;4,9237304498938;0,776;2010-06-01
"176";"Setor criativo";5;2010;1941;-1863;78;2024;56854;45422;45500;0,171722953634803;100,171722953635;1863;4,1015367002774;4,9237304498938;0,833;2010-05-01
"177";"Setor criativo";4;2010;2017;-1916;101;2024;56854;45321;45422;0,222854747247413;100,222854747247;1916;4,2276207497628;4,9237304498938;0,859;2010-04-01
"178";"Setor criativo";3;2010;2173;-2304;-131;2024;56854;45452;45321;-0,288216140103846;99,7117838598962;2173;4,7808677285928;4,9237304498938;0,971;2010-03-01
"179";"Setor criativo";2;2010;2072;-1817;255;2024;56854;45197;45452;0,564196738721596;100,564196738722;1817;4,02017833042016;4,9237304498938;0,816;2010-02-01
"180";"Setor criativo";1;2010;2126;-1951;175;2024;56854;45022;45197;0,388698858335925;100,388698858336;1951;4,33343698636222;4,9237304498938;0,88;2010-01-01
"181";"Setor criativo";12;2009;1765;-1424;341;2024;56854;44681;45022;0,763187932230702;100,763187932231;1424;3,18703699559097;4,9237304498938;0,647;2009-12-01
"182";"Setor criativo";11;2009;1815;-1547;268;2024;56854;44413;44681;0,603426924549119;100,603426924549;1547;3,48321437416972;4,9237304498938;0,707;2009-11-01
"183";"Setor criativo";10;2009;1730;-1762;-32;2024;56854;44445;44413;-0,0719991000112499;99,9280008999887;1730;3,8924513443582;4,9237304498938;0,791;2009-10-01
"184";"Setor criativo";9;2009;1806;-1720;86;2024;56854;44359;44445;0,193872720304786;100,193872720305;1720;3,87745440609572;4,9237304498938;0,788;2009-09-01
"185";"Setor criativo";8;2009;1791;-1575;216;2024;56854;44143;44359;0,489318804793512;100,489318804793;1575;3,56794961828603;4,9237304498938;0,725;2009-08-01
"186";"Setor criativo";7;2009;1730;-1640;90;2024;56854;44053;44143;0,204299366671963;100,204299366672;1640;3,72278845935578;4,9237304498938;0,756;2009-07-01
"187";"Setor criativo";6;2009;1627;-1688;-61;2024;56854;44114;44053;-0,138278097656073;99,8617219023439;1627;3,68817155551526;4,9237304498938;0,749;2009-06-01
"188";"Setor criativo";5;2009;1716;-1595;121;2024;56854;43993;44114;0,275043756961335;100,275043756961;1595;3,6255767963085;4,9237304498938;0,736;2009-05-01
"189";"Setor criativo";4;2009;1733;-1616;117;2024;56854;43876;43993;0,266660588932446;100,266660588932;1616;3,68310693773361;4,9237304498938;0,748;2009-04-01
"190";"Setor criativo";3;2009;1888;-2061;-173;2024;56854;44049;43876;-0,392744443687711;99,6072555563123;1888;4,28613589411791;4,9237304498938;0,871;2009-03-01
"191";"Setor criativo";2;2009;2019;-1522;497;2024;56854;43552;44049;1,14116458486407;101,141164584864;1522;3,49467303453343;4,9237304498938;0,71;2009-02-01
"192";"Setor criativo";1;2009;1860;-1906;-46;2024;56854;43598;43552;-0,105509427037938;99,8944905729621;1860;4,26625074544704;4,9237304498938;0,866;2009-01-01
"193";"Setor criativo";12;2008;1710;-1186;524;2024;56854;43074;43598;1,21651112039746;101,216511120397;1186;2,75340112364768;4,9237304498938;0,559;2008-12-01
"194";"Setor criativo";11;2008;1826;-1614;212;2024;56854;42862;43074;0,494610610797443;100,494610610797;1614;3,76557323503336;4,9237304498938;0,765;2008-11-01
"195";"Setor criativo";10;2008;1858;-1811;47;2024;56854;42815;42862;0,109774611701506;100,109774611701;1811;4,2298259955623;4,9237304498938;0,859;2008-10-01
"196";"Setor criativo";9;2008;1796;-1607;189;2024;56854;42626;42815;0,44339135738751;100,443391357388;1607;3,7699995308028;4,9237304498938;0,766;2008-09-01
"197";"Setor criativo";8;2008;1897;-1573;324;2024;56854;42302;42626;0,765921233038627;100,765921233039;1573;3,71850030731408;4,9237304498938;0,755;2008-08-01
"198";"Setor criativo";7;2008;1808;-1750;58;2024;56854;42244;42302;0,137297604393523;100,137297604394;1750;4,1426001325632;4,9237304498938;0,841;2008-07-01
"199";"Setor criativo";6;2008;1998;-1562;436;2024;56854;41808;42244;1,04286261002679;101,042862610027;1562;3,73612705702258;4,9237304498938;0,759;2008-06-01
"200";"Setor criativo";5;2008;1619;-1443;176;2024;56854;41632;41808;0,422751729438893;100,422751729439;1443;3,46608378170638;4,9237304498938;0,704;2008-05-01
"201";"Setor criativo";4;2008;1788;-1666;122;2024;56854;41510;41632;0,293905083112503;100,293905083113;1666;4,01349072512648;4,9237304498938;0,815;2008-04-01
"202";"Setor criativo";3;2008;1844;-1738;106;2024;56854;41404;41510;0,256013911699353;100,256013911699;1738;4,19766206163656;4,9237304498938;0,853;2008-03-01
"203";"Setor criativo";2;2008;1547;-1528;19;2024;56854;41385;41404;0,0459103539929926;100,045910353993;1528;3,69215899480488;4,9237304498938;0,75;2008-02-01
"204";"Setor criativo";1;2008;1674;-1540;134;2024;56854;41251;41385;0,324840609924608;100,324840609925;1540;3,73324283047684;4,9237304498938;0,758;2008-01-01
"205";"Setor não criativo";12;2024;31961;-38936;-6975;2024;853410;860385;853410;-0,810683589323384;99,1893164106766;31961;3,71473235818849;3,71473235818849;1;2024-12-01
"206";"Setor não criativo";11;2024;38697;-38590;107;2024;853410;860278;860385;0,0124378398610682;100,012437839861;38590;4,48575925456655;3,71473235818849;1,208;2024-11-01
"207";"Setor não criativo";10;2024;45057;-41146;3911;2024;853410;856367;860278;0,456696719981036;100,456696719981;41146;4,80471573519297;3,71473235818849;1,293;2024-10-01
"208";"Setor não criativo";9;2024;42784;-37581;5203;2024;853410;851164;856367;0,611280552278997;100,611280552279;37581;4,41524782533096;3,71473235818849;1,189;2024-09-01
"209";"Setor não criativo";8;2024;44809;-42876;1933;2024;853410;849231;851164;0,227617691770555;100,227617691771;42876;5,04880297586876;3,71473235818849;1,359;2024-08-01
"210";"Setor não criativo";7;2024;44844;-46257;-1413;2024;853410;850644;849231;-0,166109441787634;99,8338905582124;44844;5,27177056441943;3,71473235818849;1,419;2024-07-01
"211";"Setor não criativo";6;2024;41573;-42082;-509;2024;853410;851153;850644;-0,0598012343256735;99,9401987656743;41573;4,88431574581773;3,71473235818849;1,315;2024-06-01
"212";"Setor não criativo";5;2024;49599;-42318;7281;2024;853410;843872;851153;0,862808577604186;100,862808577604;42318;5,01474157218156;3,71473235818849;1,35;2024-05-01
"213";"Setor não criativo";4;2024;48231;-40497;7734;2024;853410;836138;843872;0,92496693129603;100,924966931296;40497;4,84333925739531;3,71473235818849;1,304;2024-04-01
"214";"Setor não criativo";3;2024;45409;-39445;5964;2024;853410;830174;836138;0,718403611772954;100,718403611773;39445;4,7514135590852;3,71473235818849;1,279;2024-03-01
"215";"Setor não criativo";2;2024;42289;-37923;4366;2024;853410;825808;830174;0,528694321198148;100,528694321198;37923;4,59222967081937;3,71473235818849;1,236;2024-02-01
"216";"Setor não criativo";1;2024;40657;-36960;3697;2024;853410;822111;825808;0,449695965629945;100,44969596563;36960;4,49574327554308;3,71473235818849;1,21;2024-01-01
"217";"Setor não criativo";12;2023;31567;-38359;-6792;2024;853410;828903;822111;-0,819396238160557;99,1806037618394;31567;3,80828637367702;3,71473235818849;1,025;2023-12-01
"218";"Setor não criativo";11;2023;36676;-35001;1675;2024;853410;827228;828903;0,202483474930733;100,202483474931;35001;4,23111886928392;3,71473235818849;1,139;2023-11-01
"219";"Setor não criativo";10;2023;37831;-34648;3183;2024;853410;824045;827228;0,386265313180712;100,386265313181;34648;4,20462474743491;3,71473235818849;1,132;2023-10-01
"220";"Setor não criativo";9;2023;37340;-33150;4190;2024;853410;819855;824045;0,511065981179599;100,51106598118;33150;4,04339791792451;3,71473235818849;1,088;2023-09-01
"221";"Setor não criativo";8;2023;40656;-40519;137;2024;853410;819718;819855;0,0167130647368973;100,016713064737;40519;4,94304138740396;3,71473235818849;1,331;2023-08-01
"222";"Setor não criativo";7;2023;39208;-37464;1744;2024;853410;817974;819718;0,213209710822104;100,213209710822;37464;4,58009667788952;3,71473235818849;1,233;2023-07-01
"223";"Setor não criativo";6;2023;39464;-39111;353;2024;853410;817621;817974;0,0431740378488322;100,043174037849;39111;4,78351216517188;3,71473235818849;1,288;2023-06-01
"224";"Setor não criativo";5;2023;50727;-36945;13782;2024;853410;803839;817621;1,71452243546282;101,714522435463;36945;4,59606961095443;3,71473235818849;1,237;2023-05-01
"225";"Setor não criativo";4;2023;37278;-31648;5630;2024;853410;798209;803839;0,705329055422828;100,705329055423;31648;3,96487636696655;3,71473235818849;1,067;2023-04-01
"226";"Setor não criativo";3;2023;43118;-38765;4353;2024;853410;793856;798209;0,548336222186391;100,548336222186;38765;4,88312741857465;3,71473235818849;1,315;2023-03-01
"227";"Setor não criativo";2;2023;36301;-33035;3266;2024;853410;790590;793856;0,413109196928876;100,413109196929;33035;4,17852489912597;3,71473235818849;1,125;2023-02-01
"228";"Setor não criativo";1;2023;36808;-35157;1651;2024;853410;788939;790590;0,209268397176461;100,209268397176;35157;4,45623806149778;3,71473235818849;1,2;2023-01-01
"229";"Setor não criativo";12;2022;27739;-34785;-7046;2024;853410;795985;788939;-0,88519256016131;99,1148074398387;27739;3,48486466453514;3,71473235818849;0,938;2022-12-01
"230";"Setor não criativo";11;2022;33434;-30322;3112;2024;853410;792873;795985;0,392496654571413;100,392496654571;30322;3,8243199099982;3,71473235818849;1,03;2022-11-01
"231";"Setor não criativo";10;2022;34414;-31533;2881;2024;853410;789992;792873;0,364687237339112;100,364687237339;31533;3,99155940819654;3,71473235818849;1,075;2022-10-01
"232";"Setor não criativo";9;2022;38004;-30796;7208;2024;853410;782784;789992;0,920815959447306;100,920815959447;30796;3,93416319188946;3,71473235818849;1,059;2022-09-01
"233";"Setor não criativo";8;2022;38957;-35170;3787;2024;853410;778997;782784;0,486137944048565;100,486137944049;35170;4,51477990287511;3,71473235818849;1,215;2022-08-01
"234";"Setor não criativo";7;2022;34204;-34844;-640;2024;853410;779637;778997;-0,0820894852347952;99,9179105147652;34204;4,38716992651708;3,71473235818849;1,181;2022-07-01
"235";"Setor não criativo";6;2022;36440;-34601;1839;2024;853410;777798;779637;0,236436709788403;100,236436709788;34601;4,44858433680724;3,71473235818849;1,198;2022-06-01
"236";"Setor não criativo";5;2022;45735;-33668;12067;2024;853410;765731;777798;1,57587978023614;101,575879780236;33668;4,3968443226146;3,71473235818849;1,184;2022-05-01
"237";"Setor não criativo";4;2022;36444;-31270;5174;2024;853410;760557;765731;0,680290892069891;100,68029089207;31270;4,11146041651053;3,71473235818849;1,107;2022-04-01
"238";"Setor não criativo";3;2022;35910;-33254;2656;2024;853410;757901;760557;0,350441548434426;100,350441548434;33254;4,38764429655061;3,71473235818849;1,181;2022-03-01
"239";"Setor não criativo";2;2022;38470;-32001;6469;2024;853410;751432;757901;0,860889608108252;100,860889608108;32001;4,2586687817394;3,71473235818849;1,146;2022-02-01
"240";"Setor não criativo";1;2022;33847;-30261;3586;2024;853410;747846;751432;0,479510487453299;100,479510487453;30261;4,04642132203689;3,71473235818849;1,089;2022-01-01
"241";"Setor não criativo";12;2021;27852;-33454;-5602;2024;853410;753448;747846;-0,743515146367102;99,2564848536329;27852;3,69660547244136;3,71473235818849;0,995;2021-12-01
"242";"Setor não criativo";11;2021;33124;-25313;7811;2024;853410;745637;753448;1,04756067630764;101,047560676308;25313;3,39481543968446;3,71473235818849;0,914;2021-11-01
"243";"Setor não criativo";10;2021;31510;-28746;2764;2024;853410;742873;745637;0,372068980835217;100,372068980835;28746;3,86957124569072;3,71473235818849;1,042;2021-10-01
"244";"Setor não criativo";9;2021;31852;-26484;5368;2024;853410;737505;742873;0,727859472139172;100,727859472139;26484;3,59102650151524;3,71473235818849;0,967;2021-09-01
"245";"Setor não criativo";8;2021;35040;-30676;4364;2024;853410;733141;737505;0,595247026151859;100,595247026152;30676;4,18418830756976;3,71473235818849;1,126;2021-08-01
"246";"Setor não criativo";7;2021;31380;-29599;1781;2024;853410;731360;733141;0,243518923649092;100,243518923649;29599;4,04711769853424;3,71473235818849;1,089;2021-07-01
"247";"Setor não criativo";6;2021;32459;-28332;4127;2024;853410;727233;731360;0,567493499332401;100,567493499332;28332;3,89586281150608;3,71473235818849;1,049;2021-06-01
"248";"Setor não criativo";5;2021;36143;-25362;10781;2024;853410;716452;727233;1,50477631439371;101,504776314394;25362;3,53994405766192;3,71473235818849;0,953;2021-05-01
"249";"Setor não criativo";4;2021;25950;-23107;2843;2024;853410;713609;716452;0,398397441736301;100,398397441736;23107;3,23804772641601;3,71473235818849;0,872;2021-04-01
"250";"Setor não criativo";3;2021;32612;-27737;4875;2024;853410;708734;713609;0,687846215928684;100,687846215929;27737;3,91359804947978;3,71473235818849;1,054;2021-03-01
"251";"Setor não criativo";2;2021;30921;-24134;6787;2024;853410;701947;708734;0,966882115031477;100,966882115031;24134;3,43815131341825;3,71473235818849;0,926;2021-02-01
"252";"Setor não criativo";1;2021;28831;-23737;5094;2024;853410;696853;701947;0,731000655805457;100,731000655805;23737;3,40631381367376;3,71473235818849;0,917;2021-01-01
"253";"Setor não criativo";12;2020;25719;-27961;-2242;2024;853410;699095;696853;-0,320700334003247;99,6792996659968;25719;3,67889914818444;3,71473235818849;0,99;2020-12-01
"254";"Setor não criativo";11;2020;30886;-20289;10597;2024;853410;688498;699095;1,53914753565007;101,53914753565;20289;2,94684951880761;3,71473235818849;0,793;2020-11-01
"255";"Setor não criativo";10;2020;29644;-21324;8320;2024;853410;680178;688498;1,22320921876332;101,223209218763;21324;3,13506170443619;3,71473235818849;0,844;2020-10-01
"256";"Setor não criativo";9;2020;26246;-19893;6353;2024;853410;673825;680178;0,942826401513746;100,942826401514;19893;2,95225021333432;3,71473235818849;0,795;2020-09-01
"257";"Setor não criativo";8;2020;24091;-18570;5521;2024;853410;668304;673825;0,826121046709282;100,826121046709;18570;2,77867557279322;3,71473235818849;0,748;2020-08-01
"258";"Setor não criativo";7;2020;21037;-18865;2172;2024;853410;666132;668304;0,326061501324062;100,326061501324;18865;2,83202128106742;3,71473235818849;0,762;2020-07-01
"259";"Setor não criativo";6;2020;17942;-18256;-314;2024;853410;666446;666132;-0,0471155952620317;99,952884404738;17942;2,69219111525915;3,71473235818849;0,725;2020-06-01
"260";"Setor não criativo";5;2020;16435;-20958;-4523;2024;853410;670969;666446;-0,674099697601529;99,3259003023985;16435;2,44944252267989;3,71473235818849;0,659;2020-05-01
"261";"Setor não criativo";4;2020;10975;-26609;-15634;2024;853410;686603;670969;-2,27700723707878;97,7229927629212;10975;1,59844917659841;3,71473235818849;0,43;2020-04-01
"262";"Setor não criativo";3;2020;25347;-27776;-2429;2024;853410;689032;686603;-0,352523540270989;99,647476459729;25347;3,67863901821686;3,71473235818849;0,99;2020-03-01
"263";"Setor não criativo";2;2020;27290;-24020;3270;2024;853410;685762;689032;0,476841819756709;100,476841819757;24020;3,50267293900799;3,71473235818849;0,943;2020-02-01
"264";"Setor não criativo";1;2020;24335;-23697;638;2024;853410;685124;685762;0,0931218290411663;100,093121829041;23697;3,45878994167479;3,71473235818849;0,931;2020-01-01
"265";"Setor não criativo";12;2019;19925;-24010;-4085;2024;853410;689209;685124;-0,592708452733496;99,4072915472665;19925;2,89099532942837;3,71473235818849;0,778;2019-12-01
"266";"Setor não criativo";11;2019;24277;-21988;2289;2024;853410;686920;689209;0,333226576602807;100,333226576603;21988;3,20095498748035;3,71473235818849;0,862;2019-11-01
"267";"Setor não criativo";10;2019;26630;-24587;2043;2024;853410;684877;686920;0,298301738852378;100,298301738852;24587;3,58998769122047;3,71473235818849;0,966;2019-10-01
"268";"Setor não criativo";9;2019;24100;-21373;2727;2024;853410;682150;684877;0,399765447482225;100,399765447482;21373;3,13318185149894;3,71473235818849;0,843;2019-09-01
"269";"Setor não criativo";8;2019;26161;-25999;162;2024;853410;681988;682150;0,0237540836495657;100,02375408365;25999;3,81223716546332;3,71473235818849;1,026;2019-08-01
"270";"Setor não criativo";7;2019;26134;-30267;-4133;2024;853410;686121;681988;-0,60237188484247;99,3976281151575;26134;3,80894915036852;3,71473235818849;1,025;2019-07-01
"271";"Setor não criativo";6;2019;26718;-27950;-1232;2024;853410;687353;686121;-0,179238324412638;99,8207616755874;26718;3,88708567504616;3,71473235818849;1,046;2019-06-01
"272";"Setor não criativo";5;2019;36740;-27132;9608;2024;853410;677745;687353;1,41764232860442;101,417642328604;27132;4,00327556824469;3,71473235818849;1,078;2019-05-01
"273";"Setor não criativo";4;2019;26038;-23241;2797;2024;853410;674948;677745;0,414402294695295;100,414402294695;23241;3,44337637862472;3,71473235818849;0,927;2019-04-01
"274";"Setor não criativo";3;2019;24516;-25086;-570;2024;853410;675518;674948;-0,0843796908446555;99,9156203091553;24516;3,62921491359224;3,71473235818849;0,977;2019-03-01
"275";"Setor não criativo";2;2019;27937;-25002;2935;2024;853410;672583;675518;0,436377369038468;100,436377369038;25002;3,71731072596245;3,71473235818849;1,001;2019-02-01
"276";"Setor não criativo";1;2019;26897;-24656;2241;2024;853410;670342;672583;0,334306965698106;100,334306965698;24656;3,67812251059907;3,71473235818849;0,99;2019-01-01
"277";"Setor não criativo";12;2018;20066;-24236;-4170;2024;853410;674512;670342;-0,61822473136134;99,3817752686387;20066;2,97489147709752;3,71473235818849;0,801;2018-12-01
"278";"Setor não criativo";11;2018;24355;-21193;3162;2024;853410;671350;674512;0,470991286214344;100,470991286214;21193;3,15677366500335;3,71473235818849;0,85;2018-11-01
"279";"Setor não criativo";10;2018;23780;-22960;820;2024;853410;670530;671350;0,122291321790226;100,12229132179;22960;3,42415701012632;3,71473235818849;0,922;2018-10-01
"280";"Setor não criativo";9;2018;24366;-21314;3052;2024;853410;667478;670530;0,457243534618369;100,457243534618;21314;3,19321385873392;3,71473235818849;0,86;2018-09-01
"281";"Setor não criativo";8;2018;26443;-26909;-466;2024;853410;667944;667478;-0,069766327716096;99,9302336722839;26443;3,95886481501443;3,71473235818849;1,066;2018-08-01
"282";"Setor não criativo";7;2018;24872;-25561;-689;2024;853410;668633;667944;-0,103046065629426;99,8969539343706;24872;3,71982836623379;3,71473235818849;1,001;2018-07-01
"283";"Setor não criativo";6;2018;24860;-26306;-1446;2024;853410;670079;668633;-0,215795450984138;99,7842045490159;24860;3,71001031221692;3,71473235818849;0,999;2018-06-01
"284";"Setor não criativo";5;2018;30556;-25469;5087;2024;853410;664992;670079;0,764971608681007;100,764971608681;25469;3,82997088686781;3,71473235818849;1,031;2018-05-01
"285";"Setor não criativo";4;2018;24469;-21929;2540;2024;853410;662452;664992;0,383424006569533;100,38342400657;21929;3,31027757482806;3,71473235818849;0,891;2018-04-01
"286";"Setor não criativo";3;2018;25764;-24034;1730;2024;853410;660722;662452;0,261834780739857;100,26183478074;24034;3,63753590768886;3,71473235818849;0,979;2018-03-01
"287";"Setor não criativo";2;2018;22480;-22117;363;2024;853410;660359;660722;0,0549700995973402;100,054970099597;22117;3,349238823125;3,71473235818849;0,902;2018-02-01
"288";"Setor não criativo";1;2018;25335;-22614;2721;2024;853410;657638;660359;0,41375346315146;100,413753463151;22614;3,43866990654433;3,71473235818849;0,926;2018-01-01
"289";"Setor não criativo";12;2017;18163;-24311;-6148;2024;853410;663786;657638;-0,926202119357745;99,0737978806423;18163;2,73627343752354;3,71473235818849;0,737;2017-12-01
"290";"Setor não criativo";11;2017;20972;-20738;234;2024;853410;663552;663786;0,0352647569444444;100,035264756944;20738;3,12530140817901;3,71473235818849;0,841;2017-11-01
"291";"Setor não criativo";10;2017;21708;-20116;1592;2024;853410;661960;663552;0,24049791528189;100,240497915282;20116;3,03885431143876;3,71473235818849;0,818;2017-10-01
"292";"Setor não criativo";9;2017;19546;-19278;268;2024;853410;661692;661960;0,0405022276225192;100,040502227623;19278;2,91344008995122;3,71473235818849;0,784;2017-09-01
"293";"Setor não criativo";8;2017;23732;-26499;-2767;2024;853410;664459;661692;-0,416429004648895;99,5835709953511;23732;3,57162744428174;3,71473235818849;0,961;2017-08-01
"294";"Setor não criativo";7;2017;21007;-22711;-1704;2024;853410;666163;664459;-0,255793251801736;99,7442067481983;21007;3,15343241819194;3,71473235818849;0,849;2017-07-01
"295";"Setor não criativo";6;2017;22698;-24114;-1416;2024;853410;667579;666163;-0,212109727837454;99,7878902721625;22698;3,40004703563174;3,71473235818849;0,915;2017-06-01
"296";"Setor não criativo";5;2017;27780;-23545;4235;2024;853410;663344;667579;0,638431944812948;100,638431944813;23545;3,54944041100847;3,71473235818849;0,956;2017-05-01
"297";"Setor não criativo";4;2017;22333;-18868;3465;2024;853410;659879;663344;0,525096267649069;100,525096267649;18868;2,85931208600365;3,71473235818849;0,77;2017-04-01
"298";"Setor não criativo";3;2017;25034;-25565;-531;2024;853410;660410;659879;-0,0804045971441983;99,9195954028558;25034;3,79067548946866;3,71473235818849;1,02;2017-03-01
"299";"Setor não criativo";2;2017;19015;-21008;-1993;2024;853410;662403;660410;-0,300874241209656;99,6991257587903;19015;2,87060897972986;3,71473235818849;0,773;2017-02-01
"300";"Setor não criativo";1;2017;23523;-22863;660;2024;853410;661743;662403;0,0997366046939673;100,099736604694;22863;3,45496665623966;3,71473235818849;0,93;2017-01-01
"301";"Setor não criativo";12;2016;17961;-25378;-7417;2024;853410;669160;661743;-1,10840456691972;98,8915954330803;17961;2,68411142327694;3,71473235818849;0,723;2016-12-01
"302";"Setor não criativo";11;2016;20629;-22776;-2147;2024;853410;671307;669160;-0,31982386598084;99,6801761340192;20629;3,07296065734455;3,71473235818849;0,827;2016-11-01
"303";"Setor não criativo";10;2016;18692;-20263;-1571;2024;853410;672878;671307;-0,233474716070372;99,7665252839296;18692;2,77791813672018;3,71473235818849;0,748;2016-10-01
"304";"Setor não criativo";9;2016;19315;-21141;-1826;2024;853410;674704;672878;-0,270637197941616;99,7293628020584;19315;2,86273684460148;3,71473235818849;0,771;2016-09-01
"305";"Setor não criativo";8;2016;20705;-25217;-4512;2024;853410;679216;674704;-0,664295305175379;99,3357046948246;20705;3,04836752962239;3,71473235818849;0,821;2016-08-01
"306";"Setor não criativo";7;2016;21288;-25708;-4420;2024;853410;683636;679216;-0,646542897097286;99,3534571029027;21288;3,11393782656267;3,71473235818849;0,838;2016-07-01
"307";"Setor não criativo";6;2016;21934;-28368;-6434;2024;853410;690070;683636;-0,932369179938267;99,0676308200617;21934;3,17851812135001;3,71473235818849;0,856;2016-06-01
"308";"Setor não criativo";5;2016;29136;-27807;1329;2024;853410;688741;690070;0,192960779160817;100,192960779161;27807;4,0373667314709;3,71473235818849;1,087;2016-05-01
"309";"Setor não criativo";4;2016;24158;-23552;606;2024;853410;688135;688741;0,0880641153262078;100,088064115326;23552;3,42258423129183;3,71473235818849;0,921;2016-04-01
"310";"Setor não criativo";3;2016;25406;-28723;-3317;2024;853410;691452;688135;-0,479715150147805;99,5202848498522;25406;3,67429698663103;3,71473235818849;0,989;2016-03-01
"311";"Setor não criativo";2;2016;22853;-26855;-4002;2024;853410;695454;691452;-0,575451431726613;99,4245485682734;22853;3,28605486487963;3,71473235818849;0,885;2016-02-01
"312";"Setor não criativo";1;2016;21623;-24595;-2972;2024;853410;698426;695454;-0,425528259257244;99,5744717407428;21623;3,09596149055161;3,71473235818849;0,833;2016-01-01
"313";"Setor não criativo";12;2015;18675;-29338;-10663;2024;853410;709089;698426;-1,50376045884226;98,4962395411577;18675;2,63366093677945;3,71473235818849;0,709;2015-12-01
"314";"Setor não criativo";11;2015;21692;-25213;-3521;2024;853410;712610;709089;-0,494099156621434;99,5059008433786;21692;3,04402127390859;3,71473235818849;0,819;2015-11-01
"315";"Setor não criativo";10;2015;22909;-25820;-2911;2024;853410;715521;712610;-0,406836417100267;99,5931635828997;22909;3,20172294034696;3,71473235818849;0,862;2015-10-01
"316";"Setor não criativo";9;2015;23880;-25085;-1205;2024;853410;716726;715521;-0,168125615646705;99,8318743843533;23880;3,33181717978698;3,71473235818849;0,897;2015-09-01
"317";"Setor não criativo";8;2015;25785;-30075;-4290;2024;853410;721016;716726;-0,594993731068381;99,4050062689316;25785;3,57620357939352;3,71473235818849;0,963;2015-08-01
"318";"Setor não criativo";7;2015;26604;-33037;-6433;2024;853410;727449;721016;-0,884323162173568;99,1156768378264;26604;3,65716359497367;3,71473235818849;0,985;2015-07-01
"319";"Setor não criativo";6;2015;27086;-34112;-7026;2024;853410;734475;727449;-0,956601654242827;99,0433983457572;27086;3,68780421389428;3,71473235818849;0,993;2015-06-01
"320";"Setor não criativo";5;2015;32935;-34729;-1794;2024;853410;736269;734475;-0,243660944573247;99,7563390554268;32935;4,4732292137792;3,71473235818849;1,204;2015-05-01
"321";"Setor não criativo";4;2015;31382;-32207;-825;2024;853410;737094;736269;-0,11192602300385;99,8880739769962;31382;4,25753024715979;3,71473235818849;1,146;2015-04-01
"322";"Setor não criativo";3;2015;33628;-34619;-991;2024;853410;738085;737094;-0,134266378533638;99,8657336214664;33628;4,55611481062479;3,71473235818849;1,226;2015-03-01
"323";"Setor não criativo";2;2015;30308;-33153;-2845;2024;853410;740930;738085;-0,383976893903608;99,6160231060964;30308;4,09053486834114;3,71473235818849;1,101;2015-02-01
"324";"Setor não criativo";1;2015;31955;-33138;-1183;2024;853410;742113;740930;-0,159409685586966;99,840590314413;31955;4,30594801600295;3,71473235818849;1,159;2015-01-01
"325";"Setor não criativo";12;2014;26682;-35679;-8997;2024;853410;751110;742113;-1,19782721572073;98,8021727842793;26682;3,55234253305108;3,71473235818849;0,956;2014-12-01
"326";"Setor não criativo";11;2014;33728;-32605;1123;2024;853410;749987;751110;0,149735928756098;100,149735928756;32605;4,34740868841727;3,71473235818849;1,17;2014-11-01
"327";"Setor não criativo";10;2014;33388;-33170;218;2024;853410;749769;749987;0,0290756219582298;100,029075621958;33170;4,42402926768111;3,71473235818849;1,191;2014-10-01
"328";"Setor não criativo";9;2014;35831;-31664;4167;2024;853410;745602;749769;0,558877256230536;100,558877256231;31664;4,24676972433014;3,71473235818849;1,143;2014-09-01
"329";"Setor não criativo";8;2014;36229;-34989;1240;2024;853410;744362;745602;0,166585612914147;100,166585612914;34989;4,70053549213958;3,71473235818849;1,265;2014-08-01
"330";"Setor não criativo";7;2014;36330;-36644;-314;2024;853410;744676;744362;-0,0421659889670138;99,957834011033;36330;4,87863178080132;3,71473235818849;1,313;2014-07-01
"331";"Setor não criativo";6;2014;33489;-37684;-4195;2024;853410;748871;744676;-0,560176585820522;99,4398234141795;33489;4,47193174792454;3,71473235818849;1,204;2014-06-01
"332";"Setor não criativo";5;2014;44778;-38439;6339;2024;853410;742532;748871;0,853700581254411;100,853700581254;38439;5,17674659139269;3,71473235818849;1,394;2014-05-01
"333";"Setor não criativo";4;2014;39313;-34684;4629;2024;853410;737903;742532;0,627318224753118;100,627318224753;34684;4,70034679354875;3,71473235818849;1,265;2014-04-01
"334";"Setor não criativo";3;2014;34381;-33953;428;2024;853410;737475;737903;0,0580358656225635;100,058035865623;33953;4,60395267636191;3,71473235818849;1,239;2014-03-01
"335";"Setor não criativo";2;2014;39802;-35744;4058;2024;853410;733417;737475;0,553300509805472;100,553300509805;35744;4,8736257817858;3,71473235818849;1,312;2014-02-01
"336";"Setor não criativo";1;2014;34152;-34877;-725;2024;853410;734142;733417;-0,0987547368220317;99,901245263178;34152;4,65196106475314;3,71473235818849;1,252;2014-01-01
"337";"Setor não criativo";12;2013;23489;-29487;-5998;2024;853410;740140;734142;-0,810387224038695;99,1896127759613;23489;3,17358878050099;3,71473235818849;0,854;2013-12-01
"338";"Setor não criativo";11;2013;32905;-31624;1281;2024;853410;738859;740140;0,173375434284485;100,173375434284;31624;4,2801129850215;3,71473235818849;1,152;2013-11-01
"339";"Setor não criativo";10;2013;36029;-33772;2257;2024;853410;736602;738859;0,306406987762727;100,306406987763;33772;4,58483685898219;3,71473235818849;1,234;2013-10-01
"340";"Setor não criativo";9;2013;35117;-30618;4499;2024;853410;732103;736602;0,614531015444548;100,614531015445;30618;4,18219840650837;3,71473235818849;1,126;2013-09-01
"341";"Setor não criativo";8;2013;39086;-36045;3041;2024;853410;729062;732103;0,417111301919453;100,417111301919;36045;4,94402396504001;3,71473235818849;1,331;2013-08-01
"342";"Setor não criativo";7;2013;36100;-38036;-1936;2024;853410;730998;729062;-0,264843405864312;99,7351565941357;36100;4,93845400397812;3,71473235818849;1,329;2013-07-01
"343";"Setor não criativo";6;2013;37213;-38348;-1135;2024;853410;732133;730998;-0,155026477429647;99,8449735225704;37213;5,08281965162068;3,71473235818849;1,368;2013-06-01
"344";"Setor não criativo";5;2013;43717;-42344;1373;2024;853410;730760;732133;0,187886583830533;100,187886583831;42344;5,79451529914062;3,71473235818849;1,56;2013-05-01
"345";"Setor não criativo";4;2013;42846;-34423;8423;2024;853410;722337;730760;1,1660762220404;101,16607622204;34423;4,76550418987259;3,71473235818849;1,283;2013-04-01
"346";"Setor não criativo";3;2013;37530;-35289;2241;2024;853410;720096;722337;0,311208505532596;100,311208505533;35289;4,90059658712172;3,71473235818849;1,319;2013-03-01
"347";"Setor não criativo";2;2013;34753;-34818;-65;2024;853410;720161;720096;-0,00902575951766341;99,9909742404823;34753;4,82572646949779;3,71473235818849;1,299;2013-02-01
"348";"Setor não criativo";1;2013;36771;-38061;-1290;2024;853410;721451;720161;-0,178806322258892;99,8211936777411;36771;5,09681184169126;3,71473235818849;1,372;2013-01-01
"349";"Setor não criativo";12;2012;27146;-33103;-5957;2024;853410;727408;721451;-0,818935178056881;99,1810648219431;27146;3,73188087015815;3,71473235818849;1,005;2012-12-01
"350";"Setor não criativo";11;2012;33519;-31506;2013;2024;853410;725395;727408;0,277503980589886;100,27750398059;31506;4,34328882884497;3,71473235818849;1,169;2012-11-01
"351";"Setor não criativo";10;2012;34053;-31660;2393;2024;853410;723002;725395;0,330981103786712;100,330981103787;31660;4,37896437354253;3,71473235818849;1,179;2012-10-01
"352";"Setor não criativo";9;2012;32450;-29839;2611;2024;853410;720391;723002;0,362442062713165;100,362442062713;29839;4,14205618893073;3,71473235818849;1,115;2012-09-01
"353";"Setor não criativo";8;2012;35567;-36067;-500;2024;853410;720891;720391;-0,0693586131606581;99,9306413868393;35567;4,93375558857026;3,71473235818849;1,328;2012-08-01
"354";"Setor não criativo";7;2012;36662;-34121;2541;2024;853410;718350;720891;0,353727291710169;100,35372729171;34121;4,74991299505812;3,71473235818849;1,279;2012-07-01
"355";"Setor não criativo";6;2012;35821;-41128;-5307;2024;853410;723657;718350;-0,733358483369884;99,2666415166301;35821;4,9499970289792;3,71473235818849;1,333;2012-06-01
"356";"Setor não criativo";5;2012;42147;-37516;4631;2024;853410;719026;723657;0,64406572224092;100,644065722241;37516;5,21761382759455;3,71473235818849;1,405;2012-05-01
"357";"Setor não criativo";4;2012;41368;-31499;9869;2024;853410;709157;719026;1,39165234214708;101,391652342147;31499;4,44175267253937;3,71473235818849;1,196;2012-04-01
"358";"Setor não criativo";3;2012;38490;-34115;4375;2024;853410;704782;709157;0,620759326997568;100,620759326998;34115;4,84050387211932;3,71473235818849;1,303;2012-03-01
"359";"Setor não criativo";2;2012;33192;-32667;525;2024;853410;704257;704782;0,0745466498735547;100,074546649874;32667;4,63850554556078;3,71473235818849;1,249;2012-02-01
"360";"Setor não criativo";1;2012;33662;-32328;1334;2024;853410;702923;704257;0,189778965832673;100,189778965833;32328;4,59908126494652;3,71473235818849;1,238;2012-01-01
"361";"Setor não criativo";12;2011;29021;-33509;-4488;2024;853410;707411;702923;-0,634426097417202;99,3655739025828;29021;4,10242419187714;3,71473235818849;1,104;2011-12-01
"362";"Setor não criativo";11;2011;32522;-31234;1288;2024;853410;706123;707411;0,182404481938699;100,182404481939;31234;4,42330868701345;3,71473235818849;1,191;2011-11-01
"363";"Setor não criativo";10;2011;32398;-28351;4047;2024;853410;702076;706123;0,576433320609165;100,576433320609;28351;4,03816680815182;3,71473235818849;1,087;2011-10-01
"364";"Setor não criativo";9;2011;33038;-29802;3236;2024;853410;698840;702076;0,463053059355503;100,463053059356;29802;4,2644954496022;3,71473235818849;1,148;2011-09-01
"365";"Setor não criativo";8;2011;37678;-35117;2561;2024;853410;696279;698840;0,367812328104108;100,367812328104;35117;5,043524219458;3,71473235818849;1,358;2011-08-01
"366";"Setor não criativo";7;2011;35857;-35005;852;2024;853410;695427;696279;0,122514656462864;100,122514656463;35005;5,03359806277294;3,71473235818849;1,355;2011-07-01
"367";"Setor não criativo";6;2011;37833;-39396;-1563;2024;853410;696990;695427;-0,224249989239444;99,7757500107606;37833;5,42805492187836;3,71473235818849;1,461;2011-06-01
"368";"Setor não criativo";5;2011;47226;-34798;12428;2024;853410;684562;696990;1,81546740835746;101,815467408357;34798;5,08325031187825;3,71473235818849;1,368;2011-05-01
"369";"Setor não criativo";4;2011;35726;-27068;8658;2024;853410;675904;684562;1,28095114099044;101,28095114099;27068;4,00471072815074;3,71473235818849;1,078;2011-04-01
"370";"Setor não criativo";3;2011;32259;-31680;579;2024;853410;675325;675904;0,0857364972420686;100,085736497242;31680;4,69107466775256;3,71473235818849;1,263;2011-03-01
"371";"Setor não criativo";2;2011;35370;-31715;3655;2024;853410;671670;675325;0,544166033915464;100,544166033915;31715;4,72181279497372;3,71473235818849;1,271;2011-02-01
"372";"Setor não criativo";1;2011;32954;-30814;2140;2024;853410;669530;671670;0,319627201170971;100,319627201171;30814;4,60233297985154;3,71473235818849;1,239;2011-01-01
"373";"Setor não criativo";12;2010;25536;-33697;-8161;2024;853410;677691;669530;-1,20423614892333;98,7957638510767;25536;3,76808899631248;3,71473235818849;1,014;2010-12-01
"374";"Setor não criativo";11;2010;30250;-27480;2770;2024;853410;674921;677691;0,410418404524381;100,410418404524;27480;4,07158763766426;3,71473235818849;1,096;2010-11-01
"375";"Setor não criativo";10;2010;30387;-27311;3076;2024;853410;671845;674921;0,457843699067493;100,457843699067;27311;4,06507453356057;3,71473235818849;1,094;2010-10-01
"376";"Setor não criativo";9;2010;30395;-28003;2392;2024;853410;669453;671845;0,35730663691103;100,357306636911;28003;4,18296728821889;3,71473235818849;1,126;2010-09-01
"377";"Setor não criativo";8;2010;34179;-30148;4031;2024;853410;665422;669453;0,605780993114144;100,605780993114;30148;4,53065873986733;3,71473235818849;1,22;2010-08-01
"378";"Setor não criativo";7;2010;32888;-31948;940;2024;853410;664482;665422;0,141463576139008;100,141463576139;31948;4,80795567073299;3,71473235818849;1,294;2010-07-01
"379";"Setor não criativo";6;2010;35264;-37263;-1999;2024;853410;666481;664482;-0,29993353148852;99,7000664685115;35264;5,29107356398757;3,71473235818849;1,424;2010-06-01
"380";"Setor não criativo";5;2010;42207;-34531;7676;2024;853410;658805;666481;1,16513991241718;101,165139912417;34531;5,24145991606014;3,71473235818849;1,411;2010-05-01
"381";"Setor não criativo";4;2010;38182;-29025;9157;2024;853410;649648;658805;1,40953254685614;101,409532546856;29025;4,46780410314509;3,71473235818849;1,203;2010-04-01
"382";"Setor não criativo";3;2010;35255;-31070;4185;2024;853410;645463;649648;0,648371788932906;100,648371788933;31070;4,81359892046484;3,71473235818849;1,296;2010-03-01
"383";"Setor não criativo";2;2010;31307;-27463;3844;2024;853410;641619;645463;0,599109440337646;100,599109440338;27463;4,28026601456628;3,71473235818849;1,152;2010-02-01
"384";"Setor não criativo";1;2010;28962;-25547;3415;2024;853410;638204;641619;0,53509536135781;100,535095361358;25547;4,00295203414582;3,71473235818849;1,078;2010-01-01
"385";"Setor não criativo";12;2009;25382;-30446;-5064;2024;853410;643268;638204;-0,787230205761829;99,2127697942382;25382;3,94578931331887;3,71473235818849;1,062;2009-12-01
"386";"Setor não criativo";11;2009;29073;-24238;4835;2024;853410;638433;643268;0,757323008052529;100,757323008053;24238;3,79648295122589;3,71473235818849;1,022;2009-11-01
"387";"Setor não criativo";10;2009;29992;-23674;6318;2024;853410;632115;638433;0,999501672955079;100,999501672955;23674;3,74520459093678;3,71473235818849;1,008;2009-10-01
"388";"Setor não criativo";9;2009;28703;-24582;4121;2024;853410;627994;632115;0,656216460666822;100,656216460667;24582;3,91436860861728;3,71473235818849;1,054;2009-09-01
"389";"Setor não criativo";8;2009;29223;-25791;3432;2024;853410;624562;627994;0,549505093169293;100,549505093169;25791;4,12945392130805;3,71473235818849;1,112;2009-08-01
"390";"Setor não criativo";7;2009;30116;-30305;-189;2024;853410;624751;624562;-0,0302520524176832;99,9697479475823;30116;4,820480479423;3,71473235818849;1,298;2009-07-01
"391";"Setor não criativo";6;2009;28941;-35531;-6590;2024;853410;631341;624751;-1,0438099220548;98,9561900779452;28941;4,58405204160668;3,71473235818849;1,234;2009-06-01
"392";"Setor não criativo";5;2009;38586;-28646;9940;2024;853410;621401;631341;1,59961120114065;101,599611201141;28646;4,60990568087274;3,71473235818849;1,241;2009-05-01
"393";"Setor não criativo";4;2009;29698;-25066;4632;2024;853410;616769;621401;0,751010507985972;100,751010507986;25066;4,06408233876865;3,71473235818849;1,094;2009-04-01
"394";"Setor não criativo";3;2009;29341;-28679;662;2024;853410;616107;616769;0,107448868459537;100,10744886846;28679;4,65487326065115;3,71473235818849;1,253;2009-03-01
"395";"Setor não criativo";2;2009;26082;-26949;-867;2024;853410;616974;616107;-0,140524560192164;99,8594754398078;26082;4,22740666543485;3,71473235818849;1,138;2009-02-01
"396";"Setor não criativo";1;2009;23931;-27610;-3679;2024;853410;620653;616974;-0,592762783713283;99,4072372162867;23931;3,85577770509447;3,71473235818849;1,038;2009-01-01
"397";"Setor não criativo";12;2008;19295;-32113;-12818;2024;853410;633471;620653;-2,02345490164506;97,9765450983549;19295;3,04591686122964;3,71473235818849;0,82;2008-12-01
"398";"Setor não criativo";11;2008;27242;-28593;-1351;2024;853410;634822;633471;-0,212815560897385;99,7871844391026;27242;4,29128165060442;3,71473235818849;1,155;2008-11-01
"399";"Setor não criativo";10;2008;29416;-28318;1098;2024;853410;633724;634822;0,173261546035814;100,173261546036;28318;4,46850679475608;3,71473235818849;1,203;2008-10-01
"400";"Setor não criativo";9;2008;30762;-25737;5025;2024;853410;628699;633724;0,79926960278289;100,799269602783;25737;4,09369189389517;3,71473235818849;1,102;2008-09-01
"401";"Setor não criativo";8;2008;32008;-28812;3196;2024;853410;625503;628699;0,510948788415084;100,510948788415;28812;4,60621291984211;3,71473235818849;1,24;2008-08-01
"402";"Setor não criativo";7;2008;32483;-30687;1796;2024;853410;623707;625503;0,287955722799327;100,287955722799;30687;4,92009870019096;3,71473235818849;1,324;2008-07-01
"403";"Setor não criativo";6;2008;35476;-34687;789;2024;853410;622918;623707;0,126661936242009;100,126661936242;34687;5,56846968621873;3,71473235818849;1,499;2008-06-01
"404";"Setor não criativo";5;2008;39704;-28876;10828;2024;853410;612090;622918;1,76902089561993;101,76902089562;28876;4,71760688787597;3,71473235818849;1,27;2008-05-01
"405";"Setor não criativo";4;2008;33978;-25897;8081;2024;853410;604009;612090;1,33789397177857;101,337893971779;25897;4,28751889458601;3,71473235818849;1,154;2008-04-01
"406";"Setor não criativo";3;2008;31202;-26657;4545;2024;853410;599464;604009;0,758177305059186;100,758177305059;26657;4,44680581319312;3,71473235818849;1,197;2008-03-01
"407";"Setor não criativo";2;2008;30490;-26285;4205;2024;853410;595259;599464;0,706415190698503;100,706415190698;26285;4,41572491974082;3,71473235818849;1,189;2008-02-01
"408";"Setor não criativo";1;2008;26824;-25191;1633;2024;853410;593626;595259;0,275089029119345;100,275089029119;25191;4,24358097522683;3,71473235818849;1,142;2008-01-01
